{"bboxImage": [630, 1026, 4370, 2153], "bboxPDF": [75.59053548177083, 123.10464315609056, 524.0943793402778, 258.08780451145304], "dpi": 600, "imageWidth": 3740, "imageHeight": 1127, "choicePos": {}, "pageNumber": 2, "commonText": false, "commonTextStart": null, "commonTextEnd": null, "paddingImage": 17, "paddingPdf": 2, "onaylayan": "halit"}