{"bboxImage": [630, 2496, 4370, 3531], "bboxPDF": [75.59053548177083, 299.48264066043083, 524.0943793402778, 423.4271790427326], "dpi": 600, "imageWidth": 3740, "imageHeight": 1035, "choicePos": {}, "pageNumber": 2, "commonText": false, "commonTextStart": null, "commonTextEnd": null, "paddingImage": 17, "paddingPdf": 2, "onaylayan": "halit"}