{"bboxImage": [630, 3875, 4350, 4514], "bboxPDF": [75.59053548177083, 464.9420002240263, 521.694679801174, 541.3724658092403], "dpi": 600, "imageWidth": 3720, "imageHeight": 639, "choicePos": {}, "pageNumber": 2, "commonText": false, "commonTextStart": null, "commonTextEnd": null, "paddingImage": 17, "paddingPdf": 2, "onaylayan": "halit"}