{"bboxImage": [584, 927, 4423, 2347], "bboxPDF": [70.071226541832, 111.22612495681867, 530.4535831189029, 281.3649007807333], "dpi": 600, "imageWidth": 3839, "imageHeight": 1420, "choicePos": {}, "pageNumber": 8, "commonText": false, "commonTextStart": null, "commonTextEnd": null, "paddingImage": 17, "paddingPdf": 2, "onaylayan": "halit"}