{"bboxImage": [630, 2536, 4431, 3981], "bboxPDF": [75.59053548177083, 304.28204195306597, 531.4134629345444, 477.42044358487755], "dpi": 600, "imageWidth": 3801, "imageHeight": 1445, "choicePos": {}, "pageNumber": 8, "commonText": false, "commonTextStart": null, "commonTextEnd": null, "paddingImage": 17, "paddingPdf": 2, "onaylayan": "halit"}