{"bboxImage": [630, 4165, 4368, 6076], "bboxPDF": [75.59053548177083, 499.7376595956308, 523.8544093863674, 728.7890862866415], "dpi": 600, "imageWidth": 3738, "imageHeight": 1911, "choicePos": {}, "pageNumber": 8, "commonText": false, "commonTextStart": null, "commonTextEnd": null, "paddingImage": 17, "paddingPdf": 2, "onaylayan": "halit"}