{"bboxImage": [546, 3656, 4427, 5752], "bboxPDF": [65.51179741753472, 438.66527814684906, 530.9335230267237, 689.913935816297], "dpi": 600, "imageWidth": 3881, "imageHeight": 2096, "choicePos": {}, "pageNumber": 4, "commonText": false, "commonTextStart": null, "commonTextEnd": null, "paddingImage": 17, "paddingPdf": 2, "onaylayan": "halit"}