{"bboxImage": [506, 1850, 4725, 4824], "bboxPDF": [60.712398339327045, 221.97230978437383, 566.6890461593708, 578.5678258271624], "dpi": 600, "imageWidth": 4219, "imageHeight": 2974, "choicePos": {}, "pageNumber": 1, "commonText": true, "commonTextStart": "2", "commonTextEnd": "3", "paddingImage": 17, "paddingPdf": 2, "onaylayan": "halit"}