{"bboxImage": [497, 628, 4314, 1970], "bboxPDF": [59.63253354673032, 75.35060029437122, 517.375220630787, 236.1305435976474], "dpi": 600, "imageWidth": 3817, "imageHeight": 1342, "choicePos": {}, "pageNumber": 9, "commonText": false, "commonTextStart": null, "commonTextEnd": null, "paddingImage": 17, "paddingPdf": 2, "onaylayan": "halit"}