{"bboxImage": [512, 3620, 4253, 4782], "bboxPDF": [61.4323082010582, 434.34581698347745, 510.05613703652034, 573.5284544698957], "dpi": 600, "imageWidth": 3741, "imageHeight": 1162, "choicePos": {}, "pageNumber": 9, "commonText": false, "commonTextStart": null, "commonTextEnd": null, "paddingImage": 17, "paddingPdf": 2, "onaylayan": "halit"}