{"bboxImage": [630, 636, 4376, 1458], "bboxPDF": [75.59053548177083, 76.31048055289824, 524.8142892020089, 174.698207051918], "dpi": 600, "imageWidth": 3746, "imageHeight": 822, "choicePos": {}, "pageNumber": 12, "commonText": false, "commonTextStart": null, "commonTextEnd": null, "paddingImage": 17, "paddingPdf": 2, "onaylayan": "halit"}