{"bboxImage": [630, 1625, 4381, 3623], "bboxPDF": [75.59053548177083, 194.97567751330135, 525.4142140867849, 434.4658020157933], "dpi": 600, "imageWidth": 3751, "imageHeight": 1998, "choicePos": {}, "pageNumber": 12, "commonText": false, "commonTextStart": null, "commonTextEnd": null, "paddingImage": 17, "paddingPdf": 2, "onaylayan": "halit"}