{"bboxImage": [630, 3795, 2363, 6089], "bboxPDF": [75.59053548177083, 455.34319763875607, 283.28453059120784, 730.3488917067478], "dpi": 600, "imageWidth": 1733, "imageHeight": 2294, "choicePos": {}, "pageNumber": 12, "commonText": false, "commonTextStart": null, "commonTextEnd": null, "paddingImage": 17, "paddingPdf": 2, "onaylayan": "halit"}