{"bboxImage": [2632, 3773, 4441, 6069], "bboxPDF": [315.8004593460648, 452.70352692780676, 532.6133127040964, 727.9491910604303], "dpi": 600, "imageWidth": 1809, "imageHeight": 2296, "choicePos": {}, "pageNumber": 12, "commonText": false, "commonTextStart": null, "commonTextEnd": null, "paddingImage": 17, "paddingPdf": 2, "onaylayan": "halit"}